-- --------------------------------------------------------
-- Host:                         202.157.184.189
-- Server version:               10.4.11-MariaDB - mariadb.org binary distribution
-- Server OS:                    Win64
-- HeidiSQL Version:             11.0.0.5919
-- --------------------------------------------------------

/*!40101 SET @OLD_CHARACTER_SET_CLIENT=@@CHARACTER_SET_CLIENT */;
/*!40101 SET NAMES utf8 */;
/*!50503 SET NAMES utf8mb4 */;
/*!40014 SET @OLD_FOREIGN_KEY_CHECKS=@@FOREIGN_KEY_CHECKS, FOREIGN_KEY_CHECKS=0 */;
/*!40101 SET @OLD_SQL_MODE=@@SQL_MODE, SQL_MODE='NO_AUTO_VALUE_ON_ZERO' */;

-- Dumping structure for table report.jenis_perusahaan
CREATE TABLE IF NOT EXISTS `jenis_perusahaan` (
  `id_jenis_perusahaan` int(11) NOT NULL AUTO_INCREMENT,
  `jenis_perusahaan` varchar(250) NOT NULL,
  `icon` varchar(100) NOT NULL DEFAULT 'fa-building',
  PRIMARY KEY (`id_jenis_perusahaan`)
) ENGINE=InnoDB AUTO_INCREMENT=5 DEFAULT CHARSET=latin1;

-- Dumping data for table report.jenis_perusahaan: ~4 rows (approximately)
/*!40000 ALTER TABLE `jenis_perusahaan` DISABLE KEYS */;
INSERT INTO `jenis_perusahaan` (`id_jenis_perusahaan`, `jenis_perusahaan`, `icon`) VALUES
	(1, 'Hotel', 'fa fa-hotel'),
	(2, 'Mall', 'fa fa-city'),
	(3, 'Waterpark', 'fa fa-swimming-pool'),
	(4, 'Perumahan', 'fa fa-building');
/*!40000 ALTER TABLE `jenis_perusahaan` ENABLE KEYS */;

-- Dumping structure for table report.lokasi_perusahaan
CREATE TABLE IF NOT EXISTS `lokasi_perusahaan` (
  `id_lokasi_perusahaan` int(11) NOT NULL AUTO_INCREMENT,
  `lokasi_perusahaan` varchar(250) NOT NULL,
  `bgcolor` varchar(50) NOT NULL DEFAULT 'blue',
  `color` varchar(50) NOT NULL DEFAULT 'white',
  PRIMARY KEY (`id_lokasi_perusahaan`)
) ENGINE=InnoDB AUTO_INCREMENT=7 DEFAULT CHARSET=latin1;

-- Dumping data for table report.lokasi_perusahaan: ~6 rows (approximately)
/*!40000 ALTER TABLE `lokasi_perusahaan` DISABLE KEYS */;
INSERT INTO `lokasi_perusahaan` (`id_lokasi_perusahaan`, `lokasi_perusahaan`, `bgcolor`, `color`) VALUES
	(1, 'Sidoarjo', '#a3b0ff', 'black'),
	(2, 'Madiun', '#a3e4ff', 'black'),
	(3, 'Surabaya', '#91ffef', 'black'),
	(4, 'Lumajang', '#39a2d6', 'black'),
	(5, 'Bekasi', '#37dfff', 'black'),
	(6, 'Malang', '#92bef5', 'black');
/*!40000 ALTER TABLE `lokasi_perusahaan` ENABLE KEYS */;

-- Dumping structure for table report.menu
CREATE TABLE IF NOT EXISTS `menu` (
  `id_menu` int(11) NOT NULL AUTO_INCREMENT,
  `nama_menu` varchar(250) NOT NULL DEFAULT 'Menu',
  `bgcolor` varchar(100) NOT NULL DEFAULT 'white',
  `color` varchar(100) NOT NULL DEFAULT 'black',
  `icon` varchar(100) NOT NULL DEFAULT 'fa fa-building',
  `link` varchar(250) NOT NULL DEFAULT '#',
  `id_parent` int(11) DEFAULT NULL,
  PRIMARY KEY (`id_menu`)
) ENGINE=InnoDB AUTO_INCREMENT=18 DEFAULT CHARSET=latin1;

-- Dumping data for table report.menu: ~17 rows (approximately)
/*!40000 ALTER TABLE `menu` DISABLE KEYS */;
INSERT INTO `menu` (`id_menu`, `nama_menu`, `bgcolor`, `color`, `icon`, `link`, `id_parent`) VALUES
	(1, 'Marketing', '#7e3e98', '#ffffff', 'fa fa-comments-dollar', '#', NULL),
	(2, 'Akuntansi', '#082366', '#ffffff', 'fab fa-accusoft', 'https://acc.indraco-group.com/Authauto', NULL),
	(3, 'HRD', '#e63d96', '#ffffff', 'fa fa-users', '#', NULL),
	(4, 'GA', '#572500', '#ffffff', 'fab fa-superpowers', '#', NULL),
	(5, 'Legal - Perjanjian', '#1b1b1b', '#ffffff', 'fa fa-file-contract', '#', NULL),
	(6, 'Kerjasama Pihak III', '#009ac8', '#ffffff', 'fa fa-network-wired', '#', NULL),
	(7, 'Kinerja IT', '#b32018', '#ffffff', 'fa fa-laptop-code', '#', NULL),
	(8, 'Guest Complain', '#ffffff', '#000000', 'fa fa-tired', '#', NULL),
	(9, 'Tindak Lanjut ICA', '#ffffff', '#000000', 'fa fa-cogs', '#', NULL),
	(10, 'Lain-Lain', '#ffffff', '#000000', 'fab fa-slack-hash', '#', NULL),
	(11, 'Building', '#ffffff', '#000000', 'fa fa-building', '#', NULL),
	(12, 'Report', '#ffffff', '#000000', 'fa fa-table', '#', NULL),
	(13, 'Pembebasan Lahan', '#ffffff', '#000000', 'fa fa-snowplow', '#', NULL),
	(14, 'Pembangunan', '#ffffff', '#000000', 'fa fa-tools', '#', NULL),
	(15, 'Laporan Neraca', '#b32018', '#ffffff', 'fa fa-balance-scale', 'https://acc.indraco-group.com/Home/setPage/Akuntansi/48', 2),
	(16, 'Laporan Laba Rugi', '#1d523d', '#ffffff', 'fa fa-chart-line', 'https://acc.indraco-group.com/Home/setPage/Akuntansi/47', 2),
	(17, 'Laporan Arus Kas', '#74309c', '#ffffff', 'fa fa-money-bill-wave', 'https://acc.indraco-group.com/Home/setPage/Akuntansi/49', 2);
/*!40000 ALTER TABLE `menu` ENABLE KEYS */;

-- Dumping structure for table report.perusahaan
CREATE TABLE IF NOT EXISTS `perusahaan` (
  `id_perusahaan` int(11) NOT NULL AUTO_INCREMENT,
  `nama_perusahaan` varchar(250) NOT NULL,
  `id_jenis_perusahaan` int(11) NOT NULL,
  `id_lokasi_perusahaan` int(11) NOT NULL,
  `link_report` varchar(250) NOT NULL DEFAULT '#',
  `urutan` int(11) DEFAULT NULL,
  PRIMARY KEY (`id_perusahaan`),
  KEY `fk_perusahaan_jenis` (`id_jenis_perusahaan`),
  KEY `fk_perusahaan_lokasi` (`id_lokasi_perusahaan`),
  CONSTRAINT `fk_perusahaan_jenis` FOREIGN KEY (`id_jenis_perusahaan`) REFERENCES `jenis_perusahaan` (`id_jenis_perusahaan`) ON DELETE CASCADE ON UPDATE CASCADE,
  CONSTRAINT `fk_perusahaan_lokasi` FOREIGN KEY (`id_lokasi_perusahaan`) REFERENCES `lokasi_perusahaan` (`id_lokasi_perusahaan`) ON DELETE CASCADE ON UPDATE CASCADE
) ENGINE=InnoDB AUTO_INCREMENT=26 DEFAULT CHARSET=latin1;

-- Dumping data for table report.perusahaan: ~22 rows (approximately)
/*!40000 ALTER TABLE `perusahaan` DISABLE KEYS */;
INSERT INTO `perusahaan` (`id_perusahaan`, `nama_perusahaan`, `id_jenis_perusahaan`, `id_lokasi_perusahaan`, `link_report`, `urutan`) VALUES
	(1, '1.A TSH SDA', 1, 1, '#', 1),
	(2, '1.B MALL SDA', 2, 1, '#', 2),
	(3, '1.C WP SDA', 3, 1, '#', 3),
	(4, '2.A TSH MDN', 1, 2, '#', 4),
	(5, '2.B MALL MDN', 2, 2, '#', 5),
	(6, '2.C WP MDN', 3, 2, '#', 6),
	(7, '3. SCQ BEKASI', 4, 5, '#', 7),
	(8, '4. SC RESIDENCE', 4, 3, '#', 8),
	(9, '5. SCB WUNUT', 4, 1, '#', 9),
	(10, '6. JUWET TAHAP 1', 4, 1, '#', 10),
	(11, '7. PORONG', 4, 1, '#', 11),
	(12, '8. BJ BENDO', 4, 1, '#', 12),
	(13, '9. WUNUT B', 4, 1, '#', 13),
	(14, '10. KESAMBI', 4, 3, '#', 14),
	(15, '11. PBI', 2, 3, '#', 15),
	(16, '12. AB', 4, 3, '#', 16),
	(17, '13. LUMAJANG', 4, 4, '#', 17),
	(18, '14. PAGAK', 4, 6, '#', 18),
	(19, '15. JUWET TAHAP 2', 4, 1, '#', 19),
	(20, '16. KEDUNG SOLO', 4, 3, '#', 20),
	(21, '21. HO', 4, 3, '#', 25),
	(22, '17. AGRO LESTARI J', 4, 1, '#', 21),
	(23, '18. GRESIK', 4, 3, '#', 22),
	(24, '19. PASAR TURI', 4, 3, '#', 23),
	(25, '20. BANGKALAN', 1, 3, '#', 24);
/*!40000 ALTER TABLE `perusahaan` ENABLE KEYS */;

-- Dumping structure for table report.perusahaan_menu
CREATE TABLE IF NOT EXISTS `perusahaan_menu` (
  `id_perusahaan_menu` int(11) NOT NULL AUTO_INCREMENT,
  `id_perusahaan` int(11) NOT NULL,
  `id_menu` int(11) NOT NULL,
  `id_perusahaan_aplikasi` int(11) NOT NULL DEFAULT 0,
  `selesai` tinyint(1) NOT NULL DEFAULT 0,
  PRIMARY KEY (`id_perusahaan_menu`)
) ENGINE=InnoDB AUTO_INCREMENT=751 DEFAULT CHARSET=latin1;

-- Dumping data for table report.perusahaan_menu: ~371 rows (approximately)
/*!40000 ALTER TABLE `perusahaan_menu` DISABLE KEYS */;
INSERT INTO `perusahaan_menu` (`id_perusahaan_menu`, `id_perusahaan`, `id_menu`, `id_perusahaan_aplikasi`, `selesai`) VALUES
	(43, 1, 3, 1, 0),
	(44, 2, 3, 2, 0),
	(45, 3, 3, 3, 0),
	(46, 4, 3, 4, 0),
	(47, 5, 3, 5, 0),
	(48, 6, 3, 6, 0),
	(49, 7, 3, 7, 0),
	(50, 8, 3, 8, 0),
	(51, 9, 3, 9, 0),
	(52, 10, 3, 10, 0),
	(53, 11, 3, 11, 0),
	(54, 12, 3, 12, 0),
	(55, 13, 3, 13, 0),
	(56, 14, 3, 14, 0),
	(57, 15, 3, 15, 0),
	(58, 16, 3, 16, 0),
	(59, 17, 3, 17, 0),
	(60, 18, 3, 18, 0),
	(62, 20, 3, 20, 0),
	(63, 21, 3, 21, 0),
	(64, 1, 4, 1, 0),
	(65, 2, 4, 2, 0),
	(66, 3, 4, 3, 0),
	(67, 4, 4, 4, 0),
	(68, 5, 4, 5, 0),
	(69, 6, 4, 6, 0),
	(70, 7, 4, 7, 0),
	(71, 8, 4, 8, 0),
	(72, 9, 4, 9, 0),
	(73, 10, 4, 10, 0),
	(74, 11, 4, 11, 0),
	(75, 12, 4, 12, 0),
	(76, 13, 4, 13, 0),
	(77, 14, 4, 14, 0),
	(78, 15, 4, 15, 0),
	(79, 16, 4, 16, 0),
	(80, 17, 4, 17, 0),
	(81, 18, 4, 18, 0),
	(83, 20, 4, 20, 0),
	(84, 21, 4, 21, 0),
	(85, 1, 5, 1, 0),
	(86, 2, 5, 2, 0),
	(87, 3, 5, 3, 0),
	(88, 4, 5, 4, 0),
	(89, 5, 5, 5, 0),
	(90, 6, 5, 6, 0),
	(91, 7, 5, 7, 0),
	(92, 8, 5, 8, 0),
	(93, 9, 5, 9, 0),
	(94, 10, 5, 10, 0),
	(95, 11, 5, 11, 0),
	(96, 12, 5, 12, 0),
	(97, 13, 5, 13, 0),
	(98, 14, 5, 14, 0),
	(99, 15, 5, 15, 0),
	(100, 16, 5, 16, 0),
	(101, 17, 5, 17, 0),
	(102, 18, 5, 18, 0),
	(104, 20, 5, 20, 0),
	(105, 21, 5, 21, 0),
	(106, 1, 6, 1, 0),
	(107, 2, 6, 2, 0),
	(108, 3, 6, 3, 0),
	(109, 4, 6, 4, 0),
	(110, 5, 6, 5, 0),
	(111, 6, 6, 6, 0),
	(112, 7, 6, 7, 0),
	(113, 8, 6, 8, 0),
	(114, 9, 6, 9, 0),
	(115, 10, 6, 10, 0),
	(116, 11, 6, 11, 0),
	(117, 12, 6, 12, 0),
	(118, 13, 6, 13, 0),
	(119, 14, 6, 14, 0),
	(120, 15, 6, 15, 0),
	(121, 16, 6, 16, 0),
	(122, 17, 6, 17, 0),
	(123, 18, 6, 18, 0),
	(125, 20, 6, 20, 0),
	(126, 21, 6, 21, 0),
	(127, 1, 7, 1, 0),
	(128, 2, 7, 2, 0),
	(129, 3, 7, 3, 0),
	(130, 4, 7, 4, 0),
	(131, 5, 7, 5, 0),
	(132, 6, 7, 6, 0),
	(133, 7, 7, 7, 0),
	(134, 8, 7, 8, 0),
	(135, 9, 7, 9, 0),
	(136, 10, 7, 10, 0),
	(137, 11, 7, 11, 0),
	(138, 12, 7, 12, 0),
	(139, 13, 7, 13, 0),
	(140, 14, 7, 14, 0),
	(141, 15, 7, 15, 0),
	(142, 16, 7, 16, 0),
	(143, 17, 7, 17, 0),
	(144, 18, 7, 18, 0),
	(146, 20, 7, 20, 0),
	(147, 21, 7, 21, 0),
	(148, 1, 8, 1, 0),
	(149, 2, 8, 2, 0),
	(150, 3, 8, 3, 0),
	(151, 4, 8, 4, 0),
	(152, 5, 8, 5, 0),
	(153, 6, 8, 6, 0),
	(154, 7, 8, 7, 0),
	(155, 8, 8, 8, 0),
	(156, 9, 8, 9, 0),
	(157, 10, 8, 10, 0),
	(158, 11, 8, 11, 0),
	(159, 12, 8, 12, 0),
	(160, 13, 8, 13, 0),
	(161, 14, 8, 14, 0),
	(162, 15, 8, 15, 0),
	(163, 16, 8, 16, 0),
	(164, 17, 8, 17, 0),
	(165, 18, 8, 18, 0),
	(167, 20, 8, 20, 0),
	(168, 21, 8, 21, 0),
	(169, 1, 9, 1, 0),
	(170, 2, 9, 2, 0),
	(171, 3, 9, 3, 0),
	(172, 4, 9, 4, 0),
	(173, 5, 9, 5, 0),
	(174, 6, 9, 6, 0),
	(175, 7, 9, 7, 0),
	(176, 8, 9, 8, 0),
	(177, 9, 9, 9, 0),
	(178, 10, 9, 10, 0),
	(179, 11, 9, 11, 0),
	(180, 12, 9, 12, 0),
	(181, 13, 9, 13, 0),
	(182, 14, 9, 14, 0),
	(183, 15, 9, 15, 0),
	(184, 16, 9, 16, 0),
	(185, 17, 9, 17, 0),
	(186, 18, 9, 18, 0),
	(188, 20, 9, 20, 0),
	(189, 21, 9, 21, 0),
	(190, 1, 10, 1, 0),
	(191, 2, 10, 2, 0),
	(192, 3, 10, 3, 0),
	(193, 4, 10, 4, 0),
	(194, 5, 10, 5, 0),
	(195, 6, 10, 6, 0),
	(196, 7, 10, 7, 0),
	(197, 8, 10, 8, 0),
	(198, 9, 10, 9, 0),
	(199, 10, 10, 10, 0),
	(200, 11, 10, 11, 0),
	(201, 12, 10, 12, 0),
	(202, 13, 10, 13, 0),
	(203, 14, 10, 14, 0),
	(204, 15, 10, 15, 0),
	(205, 16, 10, 16, 0),
	(206, 17, 10, 17, 0),
	(207, 18, 10, 18, 0),
	(209, 20, 10, 20, 0),
	(210, 21, 10, 21, 0),
	(211, 1, 11, 1, 0),
	(212, 2, 11, 2, 0),
	(213, 3, 11, 3, 0),
	(214, 4, 11, 4, 0),
	(215, 5, 11, 5, 0),
	(216, 6, 11, 6, 0),
	(217, 7, 11, 7, 0),
	(218, 8, 11, 8, 0),
	(219, 9, 11, 9, 0),
	(220, 10, 11, 10, 0),
	(221, 11, 11, 11, 0),
	(222, 12, 11, 12, 0),
	(223, 13, 11, 13, 0),
	(224, 14, 11, 14, 0),
	(225, 15, 11, 15, 0),
	(226, 16, 11, 16, 0),
	(227, 17, 11, 17, 0),
	(228, 18, 11, 18, 0),
	(230, 20, 11, 20, 0),
	(231, 21, 11, 21, 0),
	(232, 1, 12, 1, 0),
	(233, 2, 12, 2, 0),
	(234, 3, 12, 3, 0),
	(235, 4, 12, 4, 0),
	(236, 5, 12, 5, 0),
	(237, 6, 12, 6, 0),
	(238, 7, 12, 7, 0),
	(239, 8, 12, 8, 0),
	(240, 9, 12, 9, 0),
	(241, 10, 12, 10, 0),
	(242, 11, 12, 11, 0),
	(243, 12, 12, 12, 0),
	(244, 13, 12, 13, 0),
	(245, 14, 12, 14, 0),
	(246, 15, 12, 15, 0),
	(247, 16, 12, 16, 0),
	(248, 17, 12, 17, 0),
	(249, 18, 12, 18, 0),
	(251, 20, 12, 20, 0),
	(252, 21, 12, 21, 0),
	(253, 1, 13, 1, 0),
	(254, 2, 13, 2, 0),
	(255, 3, 13, 3, 0),
	(256, 4, 13, 4, 0),
	(257, 5, 13, 5, 0),
	(258, 6, 13, 6, 0),
	(259, 7, 13, 7, 0),
	(260, 8, 13, 8, 0),
	(261, 9, 13, 9, 0),
	(262, 10, 13, 10, 0),
	(263, 11, 13, 11, 0),
	(264, 12, 13, 12, 0),
	(265, 13, 13, 13, 0),
	(266, 14, 13, 14, 0),
	(267, 15, 13, 15, 0),
	(268, 16, 13, 16, 0),
	(269, 17, 13, 17, 0),
	(270, 18, 13, 18, 0),
	(272, 20, 13, 20, 0),
	(273, 21, 13, 21, 0),
	(274, 1, 14, 1, 0),
	(275, 2, 14, 2, 0),
	(276, 3, 14, 3, 0),
	(277, 4, 14, 4, 0),
	(278, 5, 14, 5, 0),
	(279, 6, 14, 6, 0),
	(280, 7, 14, 7, 0),
	(281, 8, 14, 8, 0),
	(282, 9, 14, 9, 0),
	(283, 10, 14, 10, 0),
	(284, 11, 14, 11, 0),
	(285, 12, 14, 12, 0),
	(286, 13, 14, 13, 0),
	(287, 14, 14, 14, 0),
	(288, 15, 14, 15, 0),
	(289, 16, 14, 16, 0),
	(290, 17, 14, 17, 0),
	(291, 18, 14, 18, 0),
	(293, 20, 14, 20, 0),
	(294, 21, 14, 21, 0),
	(526, 1, 1, 1, 0),
	(527, 4, 1, 4, 0),
	(528, 2, 1, 2, 0),
	(529, 5, 1, 5, 0),
	(530, 15, 1, 15, 0),
	(531, 3, 1, 3, 0),
	(532, 6, 1, 6, 0),
	(533, 7, 1, 7, 0),
	(534, 8, 1, 8, 0),
	(535, 9, 1, 9, 0),
	(536, 10, 1, 10, 0),
	(537, 11, 1, 11, 0),
	(538, 12, 1, 12, 0),
	(539, 13, 1, 13, 0),
	(540, 14, 1, 14, 0),
	(541, 16, 1, 16, 0),
	(542, 17, 1, 17, 0),
	(543, 18, 1, 18, 0),
	(545, 20, 1, 20, 0),
	(546, 21, 1, 21, 0),
	(547, 22, 1, 22, 0),
	(557, 1, 2, 33, 1),
	(558, 2, 2, 9, 1),
	(559, 3, 2, 1, 1),
	(560, 4, 2, 34, 1),
	(561, 5, 2, 10, 1),
	(562, 6, 2, 7, 1),
	(563, 7, 2, 29, 1),
	(564, 8, 2, 35, 1),
	(565, 9, 2, 21, 1),
	(566, 10, 2, 22, 1),
	(567, 11, 2, 28, 1),
	(568, 12, 2, 17, 1),
	(569, 13, 2, 30, 1),
	(570, 14, 2, 24, 1),
	(571, 15, 2, 27, 1),
	(572, 16, 2, 19, 1),
	(573, 17, 2, 26, 1),
	(574, 18, 2, 25, 1),
	(575, 20, 2, 23, 1),
	(576, 21, 2, 18, 1),
	(577, 22, 2, 32, 1),
	(578, 1, 15, 33, 1),
	(579, 2, 15, 9, 1),
	(580, 3, 15, 1, 1),
	(581, 4, 15, 34, 1),
	(582, 5, 15, 10, 1),
	(583, 6, 15, 7, 1),
	(584, 7, 15, 29, 1),
	(585, 8, 15, 35, 1),
	(586, 9, 15, 21, 1),
	(587, 10, 15, 22, 1),
	(588, 11, 15, 28, 1),
	(589, 12, 15, 17, 1),
	(590, 13, 15, 30, 1),
	(591, 14, 15, 24, 1),
	(592, 15, 15, 27, 1),
	(593, 16, 15, 19, 1),
	(594, 17, 15, 26, 1),
	(595, 18, 15, 25, 1),
	(596, 20, 15, 23, 1),
	(597, 21, 15, 18, 1),
	(598, 22, 15, 32, 1),
	(599, 1, 16, 33, 1),
	(600, 2, 16, 9, 1),
	(601, 3, 16, 1, 1),
	(602, 4, 16, 34, 1),
	(603, 5, 16, 10, 1),
	(604, 6, 16, 7, 1),
	(605, 7, 16, 29, 1),
	(606, 8, 16, 35, 1),
	(607, 9, 16, 21, 1),
	(608, 10, 16, 22, 1),
	(609, 11, 16, 28, 1),
	(610, 12, 16, 17, 1),
	(611, 13, 16, 30, 1),
	(612, 14, 16, 24, 1),
	(613, 15, 16, 27, 1),
	(614, 16, 16, 19, 1),
	(615, 17, 16, 26, 1),
	(616, 18, 16, 25, 1),
	(617, 20, 16, 23, 1),
	(618, 21, 16, 18, 1),
	(619, 22, 16, 32, 1),
	(620, 1, 17, 33, 1),
	(621, 2, 17, 9, 1),
	(622, 3, 17, 1, 1),
	(623, 4, 17, 34, 1),
	(624, 5, 17, 10, 1),
	(625, 6, 17, 7, 1),
	(626, 7, 17, 29, 1),
	(627, 8, 17, 35, 1),
	(628, 9, 17, 21, 1),
	(629, 10, 17, 22, 1),
	(630, 11, 17, 28, 1),
	(631, 12, 17, 17, 1),
	(632, 13, 17, 30, 1),
	(633, 14, 17, 24, 1),
	(634, 15, 17, 27, 1),
	(635, 16, 17, 19, 1),
	(636, 17, 17, 26, 1),
	(637, 18, 17, 25, 1),
	(638, 20, 17, 23, 1),
	(639, 21, 17, 18, 1),
	(640, 22, 17, 32, 1),
	(641, 19, 3, 36, 0),
	(642, 19, 4, 36, 0),
	(643, 19, 5, 36, 0),
	(644, 19, 6, 36, 0),
	(645, 19, 7, 36, 0),
	(646, 19, 8, 36, 0),
	(647, 19, 9, 36, 0),
	(648, 19, 10, 36, 0),
	(649, 19, 11, 36, 0),
	(650, 19, 12, 36, 0),
	(651, 19, 13, 36, 0),
	(652, 19, 14, 36, 0),
	(653, 19, 1, 36, 0),
	(654, 19, 2, 36, 1),
	(655, 19, 15, 36, 1),
	(656, 19, 16, 36, 1),
	(657, 19, 17, 36, 1),
	(672, 23, 3, 37, 0),
	(673, 23, 4, 37, 0),
	(674, 23, 5, 37, 0),
	(675, 23, 6, 37, 0),
	(676, 23, 7, 37, 0),
	(677, 23, 8, 37, 0),
	(678, 23, 9, 37, 0),
	(679, 23, 10, 37, 0),
	(680, 23, 11, 37, 0),
	(681, 23, 12, 37, 0),
	(682, 23, 13, 37, 0),
	(683, 23, 14, 37, 0),
	(684, 23, 1, 37, 0),
	(685, 23, 2, 37, 1),
	(686, 23, 15, 37, 1),
	(687, 23, 16, 37, 1),
	(688, 23, 17, 37, 1),
	(703, 24, 3, 38, 0),
	(704, 24, 4, 38, 0),
	(705, 24, 5, 38, 0),
	(706, 24, 6, 38, 0),
	(707, 24, 7, 38, 0),
	(708, 24, 8, 38, 0),
	(709, 24, 9, 38, 0),
	(710, 24, 10, 38, 0),
	(711, 24, 11, 38, 0),
	(712, 24, 12, 38, 0),
	(713, 24, 13, 38, 0),
	(714, 24, 14, 38, 0),
	(715, 24, 1, 38, 0),
	(716, 24, 2, 38, 1),
	(717, 24, 15, 38, 1),
	(718, 24, 16, 38, 1),
	(719, 24, 17, 38, 1),
	(734, 25, 3, 39, 0),
	(735, 25, 4, 39, 0),
	(736, 25, 5, 39, 0),
	(737, 25, 6, 39, 0),
	(738, 25, 7, 39, 0),
	(739, 25, 8, 39, 0),
	(740, 25, 9, 39, 0),
	(741, 25, 10, 39, 0),
	(742, 25, 11, 39, 0),
	(743, 25, 12, 39, 0),
	(744, 25, 13, 39, 0),
	(745, 25, 14, 39, 0),
	(746, 25, 1, 39, 0),
	(747, 25, 2, 39, 1),
	(748, 25, 15, 39, 1),
	(749, 25, 16, 39, 1),
	(750, 25, 17, 39, 1);
/*!40000 ALTER TABLE `perusahaan_menu` ENABLE KEYS */;

-- Dumping structure for table report.umum
CREATE TABLE IF NOT EXISTS `umum` (
  `id` int(11) NOT NULL AUTO_INCREMENT,
  `nama` varchar(100) NOT NULL DEFAULT 'Data',
  `data` text NOT NULL,
  PRIMARY KEY (`id`)
) ENGINE=InnoDB AUTO_INCREMENT=4 DEFAULT CHARSET=latin1;

-- Dumping data for table report.umum: ~3 rows (approximately)
/*!40000 ALTER TABLE `umum` DISABLE KEYS */;
INSERT INTO `umum` (`id`, `nama`, `data`) VALUES
	(1, 'Nama Group', 'SUNCITY GROUP'),
	(2, 'Slogan', ' Bersama Pasti Bisa'),
	(3, 'Link Top Report', '#');
/*!40000 ALTER TABLE `umum` ENABLE KEYS */;

-- Dumping structure for table report.user
CREATE TABLE IF NOT EXISTS `user` (
  `id_user` int(11) NOT NULL AUTO_INCREMENT,
  `nama` varchar(250) NOT NULL,
  `username` varchar(200) NOT NULL,
  `password` varchar(150) NOT NULL,
  `auth_key` varchar(100) NOT NULL DEFAULT '-',
  `level` varchar(150) NOT NULL DEFAULT 'user',
  PRIMARY KEY (`id_user`)
) ENGINE=InnoDB AUTO_INCREMENT=3 DEFAULT CHARSET=latin1;

-- Dumping data for table report.user: ~2 rows (approximately)
/*!40000 ALTER TABLE `user` DISABLE KEYS */;
INSERT INTO `user` (`id_user`, `nama`, `username`, `password`, `auth_key`, `level`) VALUES
	(1, 'Owner', 'owner', '3b9475182e747d1e68453c2e3ab42a25fe551005', '17cc734ce42030bc90e4514cdfe485f41b4e3c78', 'owner'),
	(2, 'GM Waterpark Sidoarjo', 'gmwpsda', '30a820edde82e97689ddea64c508d553842c26bd', '9e21f8b6c69b8067b2b0ac1737299e96f1e2f1e5', 'gm');
/*!40000 ALTER TABLE `user` ENABLE KEYS */;

-- Dumping structure for table report.user_menuauth
CREATE TABLE IF NOT EXISTS `user_menuauth` (
  `id_user` int(11) NOT NULL,
  `id_menu` int(11) NOT NULL,
  `keyword` varchar(100) NOT NULL
) ENGINE=InnoDB DEFAULT CHARSET=latin1;

-- Dumping data for table report.user_menuauth: ~2 rows (approximately)
/*!40000 ALTER TABLE `user_menuauth` DISABLE KEYS */;
INSERT INTO `user_menuauth` (`id_user`, `id_menu`, `keyword`) VALUES
	(1, 2, '$2y$10$.q6yTw5x6cvBErGofX8fzOuEuasppzB4hDdScfn63DQYerrcT0Qa6'),
	(2, 2, '$2y$10$X2IsFdzdo8gyuVnFqDEiC.ruF8vmX4lUclvcDohDUprraf.j0/eFy');
/*!40000 ALTER TABLE `user_menuauth` ENABLE KEYS */;

-- Dumping structure for table report.user_pengaturan
CREATE TABLE IF NOT EXISTS `user_pengaturan` (
  `id_user` int(11) NOT NULL,
  `pengaturan` varchar(100) NOT NULL
) ENGINE=InnoDB DEFAULT CHARSET=latin1;

-- Dumping data for table report.user_pengaturan: ~0 rows (approximately)
/*!40000 ALTER TABLE `user_pengaturan` DISABLE KEYS */;
/*!40000 ALTER TABLE `user_pengaturan` ENABLE KEYS */;

-- Dumping structure for table report.user_perusahaan
CREATE TABLE IF NOT EXISTS `user_perusahaan` (
  `id_user` int(11) NOT NULL,
  `id_perusahaan` int(11) NOT NULL
) ENGINE=InnoDB DEFAULT CHARSET=latin1;

-- Dumping data for table report.user_perusahaan: ~0 rows (approximately)
/*!40000 ALTER TABLE `user_perusahaan` DISABLE KEYS */;
INSERT INTO `user_perusahaan` (`id_user`, `id_perusahaan`) VALUES
	(2, 3);
/*!40000 ALTER TABLE `user_perusahaan` ENABLE KEYS */;

/*!40101 SET SQL_MODE=IFNULL(@OLD_SQL_MODE, '') */;
/*!40014 SET FOREIGN_KEY_CHECKS=IF(@OLD_FOREIGN_KEY_CHECKS IS NULL, 1, @OLD_FOREIGN_KEY_CHECKS) */;
/*!40101 SET CHARACTER_SET_CLIENT=@OLD_CHARACTER_SET_CLIENT */;
